and,1918
,1836
was,1738
the,1360
a,1180
of,1006
to,973
in,960
on,688
No,644
with,584
at,518
He,497
no,459
after,416
he,411
by,388
EMS,386
as,382
from,370
car,337
trauma,336
Patient,332
for,328
his,325
but,310
Pt,310
GCS,303
when,303
left,278
pain.,275
head,265
pain,263
had,254
LOC.,251
is,246
She,245
level,242
right,241
not,229
patient,229
an,228
that,219
seat,218
back,214
her,213
passenger,211
2,210
hit,209
or,206
she,206
presents,193
LOC,185
presenting,182
CT,181
pt,180
brought,179
fell,172
male,171
were,170
has,170
healthy,160
restrained,159
here,158
OSH,150
noted,150
over,149
MVC.,145
15,144
being,133
about,131
ATV,130
"LOC,",128
s/p,128
up,126
transferred,125
M,122
other,120
female,120
accident.,113
scene,113
front,113
side,112
have,111
then,111
vomiting.,111
ED,105
into,105
reportedly,104
neck,103
vehicle,101
further,101
outside,100
who,99
him,98
been,96
Unknown,95
where,94
scene.,90
showed,89
out,87
abdominal,85
going,85
fall,85
this,84
riding,83
struck,83
complaining,83
R,82
given,81
F,81
The,79
Was,79
en,79
MVC,76
per,76
found,76
reports,75
involved,75
did,74
Per,74
unknown,73
rolled,73
via,73
off,72
they,71
onto,69
wearing,68
around,68
II,67
c/o,65
unrestrained,65
any,65
fracture,65
history,64
route.,64
arrival,64
denies,64
"pain,",64
arrival.,63
vs,63
car.,62
injury,62
during,62
since,61
it,61
prior,60
placed,60
side.,59
significant,59
does,58
evaluation.,58
otherwise,58
chest,58
reported,58
which,58
laceration,58
complains,57
taken,57
stable,57
arm,57
rollover,56
mph.,56
L,56
PT,56
transported,55
another,55
traveling,54
while,54
accident,54
occurred,54
driver,54
transport.,54
There,54
leg,53
Previously,53
multiple,53
immunizations.,53
seen,52
rear,52
states,52
so,52
head.,52
abrasions,52
date,51
PMH,51
injuries,50
truck,50
mom,50
C-collar,49
"vomiting,",49
injury.,48
arrived,48
helmet,47
bike,47
event.,47
there,47
upon,46
speed,46
route,45
home,45
EMS.,45
following,45
auto,44
without,44
intrusion,44
went,43
speed.,43
called,43
15.,43
down,43
feet,43
vehicle.,42
vomiting,42
if,42
landed,42
only,42
face,42
alert,42
"EMS,",41
approximately,41
"head,",41
sustained,41
mental,41
Mom,41
spine,40
bilateral,40
At,40
currently,40
remember,39
full,39
lower,39
1,38
hospital,38
14,38
ran,37
They,37
helmet.,37
initially,37
lost,37
well,36
foot,36
travelling,36
injuries.,36
facial,36
street,36
recent,35
altered,35
due,35
ejected,35
be,34
falling,34
crying,34
mph,34
fall.,34
got,34
known,33
sitting,33
Mother,33
driving,33
30,33
3,33
knee,33
remembers,32
vitals,32
Had,32
hip,32
scalp,32
child,32
family,32
mother,32
skull,31
previously,31
ground,31
playing,31
complaints,31
ED.,30
normal,30
C-spine,30
+,30
also,29
Injuries,29
shoulder,29
prev,29
"OSH,",29
possible,29
ground.,29
fracture.,29
over.,29
Only,29
one,28
control,28
c,28
difficulty,28
here.,28
approx,28
seat.,28
Seen,28
Denies,27
trauma.,27
high,27
Car,27
bicycle,27
before,27
some,27
him.,26
rollover.,26
4,26
able,26
Transported,26
window,26
unremarkable.,26
coming,26
story,26
included,25
immediately,25
get,25
passenger.,25
fentanyl,25
loss,25
10,25
5,25
reported.,25
self,25
hand,25
time,25
horse,25
large,25
thrown,24
normal.,24
walking,24
done,24
awake,24
hours,24
complaint,24
under,24
said,24
report,24
landing,23
unsure,23
headache,23
dad,23
small,23
On,23
status,23
backseat,23
open,23
feet.,22
their,22
status.,22
run,22
times.,22
Upon,22
care.,22
all,22
behind,22
what,22
time.,22
medical,21
pt's,21
asthma,21
acting,21
middle,21
came,21
forehead,21
school,21
bleeding,21
"ED,",21
OSH.,21
minutes,21
His,21
now,21
amnestic,21
upper,21
air,21
lap,21
last,20
entire,20
zofran,20
seizure,20
negative.,20
c-collar,20
2nd,20
emesis.,20
crossing,20
frontal,20
mild,20
are,20
ago.,20
extricated,20
See,20
top,20
dog,20
Has,20
dirt,19
highway,19
transfer,19
consciousness.,19
cried,19
morphine,19
consciousness,19
En,19
Transferred,19
SUV,19
unclear,19
hitting,19
pelvis,19
breathing.,19
When,19
abd,18
patient's,18
complaints.,18
them,18
how,18
13,18
h/o,18
NO,18
sent,18
recall,18
ago,18
labs,18
confused,18
Vitals,18
evaluation,18
collar,18
emesis,18
event,18
Complaining,18
collision,18
elbow,18
NPO,18
swelling,18
T-boned,18
belt,18
blood,18
having,18
backboard,18
flipped,18
co,17
hx,17
intrusion.,17
ankle,17
witnessed,17
deformity,17
collision.,17
management.,17
precautions,17
through,17
crashed,17
past,17
face.,17
took,17
"seat,",17
house,17
moving,17
back.,17
UTD.,16
parents,16
posterior,16
sided,16
drove,16
few,16
hematoma,16
40,16
rate,16
45,16
obvious,16
parietal,16
became,16
"chest,",16
CXR,16
seatbelt,16
today,16
Currently,16
father,16
obtained,16
"helmet,",16
vs.,16
wrist,16
patient.,16
transport,16
booster,16
running,16
noted.,16
"arrival,",16
several,16
forward,16
than,16
room,16
C/o,16
abrasions.,15
occipital,15
against,15
except,15
Brought,15
second,15
ended,15
extremity,15
causing,15
Complains,15
"scene,",15
involvement,15
x,15
standing,15
damage,15
low,15
friend,15
today.,15
shot,15
board,15
splenic,15
"MVC,",15
across,15
abrasion,15
sheet.,15
"headache,",15
include,15
notable,15
nausea,14
motor,14
"15,",14
incident.,14
headache.,14
backwards,14
+LOC.,14
off.,14
began,14
intracranial,14
subdural,14
VSS,14
leg.,14
ambulatory,14
just,14
14.,14
performed,14
two,14
home.,14
+LOC,14
N/V.,14
hematoma.,14
20,14
Parents,14
accidentally,14
sister,14
"neck,",14
"male,",13
combative,13
ft,13
w/,13
"fracture,",13
roll,13
Labs,13
12,13
window.,13
C,13
eye,13
very,13
c-spine,13
Injury,13
current,13
received,13
brother,13
ATV.,13
year,13
bike.,13
"Trauma,",13
forehead.,13
because,13
illness.,13
stable.,13
"report,",13
flow,13
vital,13
golf,13
ejected.,13
complained,13
"fever,",13
first,13
"reported,",13
between,13
bruising,13
episodes,13
Occurred,13
Non-Accidental,13
Right,12
Suspected,12
flank,12
presented,12
started,12
unwitnessed,12
bone,12
transfer.,12
evaluated,12
35,12
fx,12
compartment.,12
"face,",12
One,12
floor,12
floor.,12
"patient,",12
remained,12
fractures,12
yesterday,12
numbness,12
brief,12
pole,12
-,12
management,12
bleed.,12
unknown.,12
extremities.,12
It,12
fatality,12
says,12
old,12
both,12
hospital.,12
Incident,12
lacerations,12
.,12
including,12
Level,12
truck.,12
wall,12
laceration.,12
illnesses.,11
CBC,11
"speed,",11
jumping,11
appropriate,11
?,11
mother.,11
concern,11
bed,11
ped.,11
episode,11
Trauma,11
events.,11
our,11
"cough,",11
mcg,11
ambulating,11
Dad,11
turning,11
way,11
8,11
MVA.,11
heard,11
L2,11
arrived.,11
minutes.,11
peds,11
Fell,11
hemorrhage,11
hour,11
abdomen,11
immediate,11
Vehicle,11
UTD,11
bicycle.,11
motorcycle,11
driver's,11
evening.,11
Also,11
rib,11
jumped,11
horse.,11
pedestrian,11
activated,11
thigh,11
doesn't,10
self-extricated.,10
mg,10
road,10
collided,10
himself,10
go,10
"side,",10
apparently,10
single,10
&,10
severe,10
arriving,10
"mom,",10
walked,10
mom.,10
morning,10
p/w,10
body,10
care,10
applied,10
saw,10
immediately.,10
About,10
football,10
"rollover,",10
gave,10
grade,10
put,10
knocked,10
facility,10
tried,10
13.,10
friends,10
thought,10
details,10
pmh,10
protective,10
scooter,10
Her,10
walk,10
pt.,10
t-boned,10
"injury,",9
adult,9
afternoon,9
pickup,9
her.,9
still,9
Father,9
50,9
A,9
depressed,9
r,9
getting,9
pulled,9
ambulated,9
As,9
caught,9
end,9
Immunizations,9
XR,9
"CXR,",9
afterward.,9
mom's,9
backboard.,9
distal,9
arm.,9
yo,9
Other,9
roof,9
out.,9
Noted,9
park,9
pulmonary,9
Hit,9
Arrives,9
femur,9
bystanders,9
"car,",9
crying.,9
although,9
fast,9
MVA,9
appropriately,9
anterior,9
cousin,9
pelvic,9
told,9
light,9
xray,9
normally,9
"HA,",9
"passenger,",9
Last,9
trying,9
meds,9
Given,9
windshield.,9
away,9
read,9
Possible,9
25,9
forearm,9
"+LOC,",9
Since,9
Mexico,9
facing,9
Received,8
striking,8
"emesis,",8
MPH.,8
woke,8
obtained.,8
temporal,8
next,8
drive,8
10-15,8
"today,",8
cough,8
hand.,8
legs,8
symptoms,8
spun,8
diarrhea.,8
loc.,8
hood,8
"female,",8
"route,",8
turned,8
happened.,8
red,8
playground,8
subsequently,8
"intrusion,",8
positive,8
screen,8
visual,8
point,8
closed,8
row,8
prolonged,8
us,8
clavicle,8
Significant,8
rock,8
arms,8
unable,8
max/face,8
t,8
kicked,8
arms.,8
ped,8
children,8
evening,8
mother's,8
like,8
Head,8
tire,8
intake,8
negative,8
Family,8
Sustained,8
precautions.,8
Driver,8
table,8
appropriately.,8
impact,8
arrives,8
stairs,8
LE,8
handle,8
more,8
Otherwise,8
carseat,8
IV,8
seemed,8
ER,8
may,8
climbing,8
holding,8
street.,7
illness,7
po,7
"nausea,",7
911.,7
Around,7
wheel,7
quad,7
gravel.,7
cart,7
tree.,7
Unsure,7
possibly,7
driver.,7
times,7
trampoline,7
slipped,7
on.,7
complain,7
imaging,7
crash,7
sleepy,7
Both,7
duration.,7
unconscious,7
"PMH,",7
near,7
T,7
amount,7
breathing,7
TV,7
deployment.,7
"C-spine,",7
Unclear,7
splint.,7
"back,",7
field.,7
gear.,7
bleeding.,7
orbital,7
adults,7
fatalities,7
superior,7
tenderness,7
breath,7
sensation,7
Went,7
jump,7
picked,7
fractures.,7
them.,7
recalls,7
backward,7
cleared,7
seatbelt.,7
sig,7
medications,7
thickness,7
intubated,7
helmeted,7
"fractures,",7
"rhinorrhea,",7
PIV,7
shortness,7
"shoulder,",7
abdomen.,7
slow,7
hemorrhage.,7
talking,7
earlier,7
moderate,7
Earlier,7
lip,7
Airbags,7
"laceration,",7
parents.,7
Fentanyl,7
afternoon.,7
place.,7
motorbike,7
"abrasions,",7
local,7
fatalities.,7
Initially,7
airbags,7
weakness,7
"dysuria,",7
All,7
"fell,",7
immobilized,7
tenderness.,7
resolved.,7
in.,7
call,7
"unrestrained,",7
"home,",7
sustaining,7
>,7
friend.,7
ear,6
ambulate,6
below.,6
nose,6
initial,6
backed,6
y/o,6
immunized,6
moved,6
road.,6
"abdomen,",6
herself,6
fx.,6
bruise,6
wall.,6
x-ray,6
pushed,6
"extricated,",6
"arrived,",6
waning,6
NBNB,6
its,6
decreased,6
slide,6
Got,6
VSS.,6
intermittently,6
almost,6
minivan,6
humerus,6
made,6
stuck,6
sign.,6
only.,6
chair,6
2.,6
chin,6
ejection.,6
slightly,6
7,6
stepped,6
events,6
waxing,6
acute,6
heart,6
forearm.,6
less,6
"event,",6
Pt's,6
major,6
"labs,",6
resulting,6
"scalp,",6
epidural,6
anywhere,6
somnolent,6
gear,6
rt,6
vomited,6
ADHD,6
gun,6
scan,6
seconds,6
Patient's,6
revealed,6
parenchymal,6
cry.,6
boned,6
CT.,6
weakness.,6
tibia,6
minimal,6
height,6
Happened,6
passed,6
eye.,6
held,6
however,6
By,6
after.,6
"restrained,",6
clinic,6
city,6
Imm,6
"up,",6
deployed.,6
3rd,6
stop,6
neck.,6
dazed,6
traumatic,6
Sent,6
repetitive,6
"vehicle,",6
splinted,6
extremities,6
lac,6
rolling,6
wound,6
flight,6
turn,6
"breath,",6
xrays,6
total,6
eval.,6
"backboard,",6
6,6
player,6
Taken,6
transferred.,6
accompanied,6
bleed,6
"NKMA,",6
changes,6
seconds.,6
15-20,6
"accident,",6
elevated,6
w/o,6
airbag,6
crash.,6
flown,6
"mph,",6
PCH,6
"ATV,",6
cheek,6
left-sided,6
once,6
away.,6
sibling,6
concrete.,6
move,6
hard,5
Zofran,5
"board,",5
grandfather,5
"then,",5
Not,5
"bike,",5
worsening,5
ems,5
States,5
laying,5
confusion,5
Normal,5
LLE,5
presentation.,5
films,5
alert.,5
use.,5
"done,",5
strapped,5
then.,5
bull,5
didn't,5
oriented,5
"flipped,",5
"CBC,",5
pick,5
"status,",5
hands.,5
bite,5
1600.,5
40mph,5
water,5
ball,5
difficult,5
NS,5
caused,5
lateral,5
fell.,5
party,5
freeway,5
Fall,5
subarachnoid,5
signs,5
SUV.,5
know,5
"breathing,",5
hematuria.,5
swelling.,5
CMP,5
cross,5
contusion.,5
responding,5
oxygen,5
signs.,5
loc,5
mechanism,5
incident,5
siblings,5
"mother,",5
Found,5
"injuries,",5
nausea.,5
diagnosed,5
stairs.,5
Restrained,5
stated,5
tonight,5
inches,5
~,5
trailer,5
above,5
contusion,5
stopped,5
Associated,5
rear-ended,5
spinal,5
tingling.,5
"morphine,",5
change,5
A&O,5
40mph.,5
ambulance,5
gravel,5
most,5
drug,5
HCT,5
cart.,5
required,5
PCH.,5
attacked,5
parking,5
collar.,5
questionable,5
thinks,5
cage,5
sidewalk,5
ramp,5
placed.,5
van,5
free,5
Did,5
cervical,5
hip.,5
throughout,5
tripped,5
x2,5
POV.,5
tree,5
flew,5
could,5
afterwards,5
midline,5
jaw,5
Of,5
available.,5
Arrived,5
trace,5
"her,",5
renal,5
girl,5
later,5
fever,5
three,5
up.,5
belt.,5
activity,5
HA.,5
hit.,5
threw,5
This,5
20-30,5
it's,5
unrestrained.,5
underneath,5
bumper,5
lacerations.,5
pole.,5
concrete,5
there.,5
ALT,5
"deployed,",5
atv,5
AST,5
older,5
taking,5
directly,5
(+),5
work,5
speeds,5
grandmother,5
step,5
60,5
activity.,5
mvc,5
f,5
same,5
leaning,5
eyes,5
"14,",5
iron,5
Pain,5
Abrasions,5
GSW,5
boy,5
forward.,5
tonight.,5
deploy.,5
area,5
noticed,5
C-collar.,5
"over,",5
basilar,5
maxillary,4
backing,4
"collision,",4
"normal,",4
"healthy,",4
scared,4
bar.,4
"nonbloody,",4
BB,4
Accident,4
combative.,4
once.,4
dad.,4
cspine,4
amnesia,4
driven,4
"there,",4
50mcg,4
center,4
lane,4
Vomited,4
door,4
hemodynamically,4
highway.,4
scooter.,4
broke,4
prior.,4
head-on,4
handlebar,4
recurrent,4
applied.,4
kept,4
bar,4
superficial,4
knee.,4
reporting,4
died,4
handlebars.,4
3-5,4
concerning,4
performed.,4
questioning,4
facility.,4
windshield,4
kitchen,4
alcohol,4
vision.,4
temple,4
roof.,4
placement,4
URI,4
"arm,",4
hold,4
heavy,4
thigh.,4
Here,4
hurt,4
generalized,4
finger,4
station,4
kidney,4
called.,4
self-extricated,4
4mg,4
ft.,4
feel,4
months,4
"CT,",4
RLE,4
"in,",4
MPH,4
family.,4
bruises,4
pinned,4
ejection,4
"off,",4
"asthma,",4
occurred.,4
automobile,4
couch,4
gate,4
fine,4
oncoming,4
pellet,4
elbow.,4
"fevers,",4
blew,4
PO,4
bit,4
answer,4
Left,4
quickly,4
curb,4
changes.,4
see,4
sec,4
75mph,4
long,4
mgmt.,4
bedroom,4
play,4
people,4
fully,4
urgent,4
abdomen/pelvis,4
legs.,4
steps,4
dragged,4
appeared,4
deployed,4
it.,4
Rocky,4
attempted,4
Speed,4
splint,4
chest/abd/pelvis,4
1900.,4
corner,4
repaired,4
mouth,4
twice,4
"hand,",4
"out,",4
1700.,4
too,4
"crying,",4
"CMP,",4
"backseat,",4
"leg,",4
@,4
"road,",4
along,4
mandibular,4
5-10,4
"incident,",4
minute,4
long.,4
ankle.,4
trouble,4
morning.,4
"ADHD,",4
depression,4
displaced,4
improperly,4
bump,4
lying,4
Landed,4
Ford,4
primarily,4
sure,4
"afternoon,",4
lose,4
slurred,4
Sibling,4
afterwards.,4
Remembers,4
immunizations,4
2-3,4
median,4
intersection,4
sleeping,4
IO,4
PMHx,4
zofran.,4
I,4
agitated,4
ride,4
come,4
nondisplaced,4
abd/pel,4
happened,4
quiet,4
tile,4
diffuse,4
nonbilious,4
CXR.,4
tray,4
tipped,4
Child,4
own,4
available,4
least,4
UC,4
skateboard,4
"truck,",4
below,4
traffic,4
vision,4
1630.,4
asleep,4
seems,4
"precautions,",4
intersection.,4
waking,4
"loc,",4
was.,4
believes,4
can,4
making,4
UA,4
basketball,4
radius,4
wound.,4
"driver,",4
active,4
returned,4
pool,4
unresponsive,4
"on,",4
"time,",4
100,4
someone,4
days,4
nasal,4
3-4,4
fever.,4
bystander,4
"note,",4
team,4
tingling,4
x-rays,4
In,4
fence.,4
little,4
20mph.,4
traction,4
residential,4
ear.,4
baseline.,4
bars.,4
questions.,4
"numbness,",4
shows,4
Today,4
day,4
skate,4
now.,4
buttock,4
banister,4
"However,",4
Episode,4
think,4
+Airbag,4
witness,4
story.,4
canal.,4
gunshot,3
rami,3
Repeat,3
restraint,3
structure,3
Another,3
nearby,3
night,3
rash.,3
ICH.,3
interactive,3
"neg,",3
gun.,3
ancef,3
pain;,3
months.,3
flip,3
Placed,3
self-extricate.,3
issues.,3
"tenderness,",3
difficulty.,3
persistent,3
AM,3
rocks.,3
urinate.,3
arouse.,3
tonic,3
9,3
perseverating,3
dead,3
hearing,3
Speaking,3
maybe,3
After,3
place,3
kart,3
chest.,3
brain,3
receiving,3
night.,3
restrained.,3
prompted,3
autism,3
cardboard,3
x1,3
sibling.,3
Questionable,3
knees,3
balcony,3
bloody,3
probable,3
boyfriend,3
since.,3
irritable.,3
scans.,3
deformity.,3
condyle,3
"ejected,",3
wire,3
"changes,",3
"PCH,",3
tib-fib,3
unhelmeted,3
L5,3
lot,3
"diarrhea,",3
18,3
neuro,3
45mph.,3
described,3
yet,3
straight,3
liver,3
driving.,3
"wall,",3
non,3
require,3
consolable,3
moms,3
ago;,3
gas,3
"kidney,",3
trampled,3
fire,3
"around,",3
Unrestrained,3
AMS,3
Awake,3
"pain,.",3
extricate,3
x1.,3
cars,3
pavement.,3
Neck,3
RLE.,3
extraction.,3
MVC;,3
friend's,3
am,3
unwitnessed.,3
"hematuria,",3
wedged,3
4pm,3
bedside,3
impact.,3
backyard,3
code,3
acetabular,3
even,3
room.,3
Xray,3
30mph.,3
brother.,3
building,3
"street,",3
inside,3
diarrhea,3
outstretched,3
Reported,3
m,3
Sister,3
sleepy.,3
"SOB,",3
"walking,",3
uncle,3
Notable,3
therefore,3
extricated.,3
Adolescent,3
"VSS,",3
help,3
"transport,",3
"contusion,",3
sign,3
increased,3
would,3
asking,3
Evaluation,3
30mph,3
Interacting,3
followed,3
history.,3
position,3
lethargy.,3
1800,3
father's,3
rocker,3
within,3
0530.,3
"him,",3
assaulted,3
landed.,3
l,3
bedside.,3
climbed,3
rolled.,3
"horse,",3
month,3
wood,3
pts,3
cochlear,3
Driving,3
suffered,3
confusion.,3
finally,3
"transport.
",3
hands,3
minor,3
urine,3
intraparenchymal,3
tib/fib,3
bus,3
period,3
use,3
type,3
underlying,3
himself.,3
blow,3
"thigh,",3
treatment,3
1730.,3
osh,3
bumped,3
A/O,3
apparent,3
seizure-like,3
murmur,3
"hematoma,",3
vaginal,3
lac.,3
1hr,3
looked,3
pitbull,3
until,3
tell,3
couldn't,3
"bay,",3
"place,",3
slowly,3
"intact,",3
max,3
fled,3
"weakness,",3
edge.,3
1530.,3
Now,3
5th,3
airlifted,3
Grandmother,3
shoulders,3
Bilateral,3
drainage,3
BMX,3
Report,3
bipolar,3
episode.,3
radial,3
vomiting/diarrhea.,3
stood,3
"morning,",3
Very,3
1730,3
1-2,3
"minivan,",3
"well,",3
site,3
tib,3
Walked,3
10.,3
t-bone,3
pediatric,3
extending,3
sensation.,3
"pelvis,",3
pelvis.,3
nose.,3
members.,3
tetanus,3
board.,3
involving,3
knife,3
baby,3
doses,3
avoid,3
assessment,3
oriented.,3
phone,3
ice,3
10mg,3
cement,3
concerned,3
pedestrian.,3
leveled,3
issues,3
body.,3
"history,",3
Some,3
witnessed.,3
runny,3
t-boned.,3
do,3
During,3
scalp.,3
pulling,3
numbness.,3
anything,3
seizure.,3
rode,3
school.,3
anxiety,3
serious,3
Airbag,3
min,3
sliding,3
concussion,3
extracted,3
wind,3
scattered,3
allergies,3
tiled,3
Expedition,3
identified.,3
condition.,3
region.,3
secondary,3
Apparently,3
questions,3
minimally,3
medications.,3
Cspine,3
discomfort,3
rashes.,3
periorbital,3
stating,3
deviation,3
"this,",3
given.,3
"forearm,",3
scans,3
diving,3
mildly,3
apt,3
Complaints,3
LUE,3
contusions.,3
CTOH,3
ladder,3
normally.,3
lifted,3
"depression,",3
Prior,3
flank.,3
3.5,3
painful,3
two-vehicle,3
continued,3
Flight,3
baseline,3
digits,3
severity.,3
numbness/tingling.,3
area.,3
wrist.,3
"AP,",3
dropped,3
blurry,3
"spine,",3
Ambulatory,3
saying,3
POV,3
cm,3
speeds.,3
coffee,3
immobilization.,3
auto.,3
Multiple,3
"tingling,",3
denying,3
"school,",3
properly,3
compartment,3
BMP,3
ate,3
bay,3
focal,3
interventions,3
deep,3
"yesterday,",3
"backwards,",3
sheets.,3
person,3
RUE,3
catch,3
associated,3
dad's,3
row.,3
",",3
"evening,",3
CTA,3
bag,3
sedan,3
crush,3
sx.,3
crew,3
unhelmeted.,3
problems,3
doing,3
triage.,2
"week,",2
electrical,2
Dog,2
1445.,2
fussy,2
Seemed,2
seat),2
else.,2
H&H,2
regained,2
Approx,2
"forwards,",2
drivers,2
cousin.,2
cheek.,2
dip,2
"bystander,",2
"hospital,",2
Estimated,2
un-helmeted,2
Recalls,2
trampled.,2
"fence,",2
exact,2
child.,2
1700,2
kick,2
ambulating.,2
Complained,2
behavioral,2
notes,2
fixing,2
clothes,2
driver),2
stapled,2
"HCT,",2
answering,2
initially.,2
disorder,2
cream,2
Mexico.,2
speech,2
Rollover,2
LOC/emesis.,2
that.,2
UDS,2
provided,2
25-30,2
handlebars,2
pushing,2
child's,2
developed,2
1930.,2
metal,2
freeway.,2
become,2
door.,2
birth,2
starred,2
alone,2
101,2
"illnesses,",2
swiped,2
X-rays,2
dirt.,2
ride.,2
same.,2
triage,2
"the
middle",2
"helmeted,",2
harness,2
Acting,2
underwent,2
infant,2
1230,2
"only,",2
"bleeding,",2
sharp,2
packaged.,2
girlfriend,2
"hemorrhage,",2
Details,2
O2,2
unavailable,2
illnesses,2
daily,2
note,2
exam.,2
"swelling,",2
weeks.,2
radiation,2
"flank,",2
(not,2
side;,2
gone,2
Imaging,2
swerved,2
consolable.,2
admitted,2
degree,2
repaired.,2
toes,2
right-sided,2
group,2
drinking,2
trunk,2
younger,2
"prior,",2
midshaft,2
"evaluation,",2
kids,2
30-40,2
"legs,",2
ahead,2
CTs,2
Keppra,2
angle,2
covering,2
"child,",2
CS,2
railing,2
someone's,2
Self,2
repeated,2
"sharp,",2
K,2
w/u,2
forearms.,2
going.,2
contrast,2
"trauma,",2
racing,2
EKG,2
a/o,2
(in,2
information.,2
LFTs,2
ativan,2
AT,2
missing.,2
implant,2
1600,2
speak,2
H/H,2
scored,2
mid,2
strap,2
85.,2
awoke,2
spontaneous,2
age,2
HOV,2
remains,2
dx,2
SI,2
notified,2
"amnesia,",2
daughter,2
roll.,2
week,2
vertebral,2
ALOC.,2
shortly,2
urinary,2
"6pm,",2
grandfather.,2
sec.,2
medication,2
shot.,2
PTA.,2
"gear,",2
units,2
EMS/PD,2
Evaluated,2
LOC/emesis,2
+airbags.,2
eaten,2
condition,2
endorses,2
sz,2
larger,2
"lac,",2
latent,2
iliac,2
competition,2
post.,2
"turn,",2
apical,2
severity,2
presentation,2
bruises.,2
crack,2
cell,2
5point,2
sugar,2
Approximately,2
NOT,2
stool,2
forward-facing,2
high-speed,2
CPR,2
"brother,",2
"initially,",2
=,2
evidence,2
trailer.,2
motorcross,2
information,2
proximal,2
pick-up,2
rated,2
horseback,2
Didn't,2
Bystanders,2
"field,",2
asymptomatic,2
16,2
fence,2
booster.,2
passenger's,2
skiing,2
pneumocephalus.,2
While,2
contacted,2
H,2
Point,2
"unhelmeted,",2
digit,2
seen.,2
chief,2
extrication,2
laid,2
"dizziness,",2
B,2
"ped,",2
cannot,2
2mg,2
awaiting,2
backseat.,2
half,2
clonic,2
Reportedly,2
Event,2
"witnesses,",2
"20,",2
twisted,2
ro,2
limp.,2
afterward,2
member's,2
NP,2
Mild,2
GCS15,2
4-5,2
show,2
drop,2
shunt,2
2200.,2
"floor,",2
medial,2
anemia,2
sites,2
remembered,2
screaming,2
altercation,2
speech.,2
carrying,2
"speech,",2
activation,2
hx.,2
"pmhx,",2
"dog,",2
Immunization,2
wooden,2
"body,",2
dog.,2
Following,2
years,2
"opening),",2
"unresponsive,",2
unresponsive.,2
day.,2
whether,2
"911,",2
length,2
burst,2
"ataxia,",2
platform,2
shoulder.,2
friends.,2
keep,2
flying.,2
mechanism.,2
altered.,2
Lost,2
supine,2
related,2
slept,2
"side),",2
record.,2
(the,2
shots,2
grandmother's,2
"unwitnessed,",2
sensory,2
Baby,2
"fentanyl,",2
nl,2
occurring,2
"consciousness,",2
"c-spine,",2
spanish,2
vehicles.,2
2L,2
thing,2
15ft,2
THC.,2
"medication,",2
good,2
language,2
tibia/fibula,2
80,2
Described,2
unvaccinated.,2
flipping,2
1800.,2
50-60,2
portion,2
pmhx,2
identified,2
cliff,2
covered,2
"happened,",2
repeat,2
beach,2
sand.,2
dresser,2
opened,2
improved,2
Does,2
instead,2
sick,2
x3,2
majority,2
~35,2
nursing,2
field,2
party.,2
unconscious.,2
based,2
Able,2
1.,2
hanging,2
x3.,2
pneumothoraces,2
sleep,2
ketones.,2
aunt,2
remainder,2
Uncertain,2
"backward,",2
"trauma
after",2
sickle,2
ER.,2
pleural,2
minivan.,2
scream.,2
bolus.,2
admits,2
specific,2
beers,2
"Mother,",2
green,2
NS.,2
stop.,2
early,2
using,2
Leg,2
police,2
zip,2
amputation,2
car's,2
bleachers,2
neighborhood,2
cefazolin,2
shift.,2
UE,2
consistent,2
pubic,2
inability,2
pupils,2
rest,2
Yuma,2
Then,2
labs.,2
maintaining,2
injured,2
Lipase,2
Rolled,2
pressure,2
60mph,2
fed,2
"signs,",2
KCl,2
Said,2
35mph.,2
exactly,2
fractured,2
ASD,2
staff.,2
reaching,2
10-12,2
fluid.,2
sore,2
slowing,2
report.,2
weeks,2
PD,2
hiking,2
before.,2
broad,2
best,2
1st,2
workup,2
VS,2
intact,2
stomach,2
"pole,",2
verbal,2
Ketamine,2
traumas.,2
intestinal,2
stationary,2
either,2
perseverating.,2
tired,2
children.,2
helicopter,2
14-15,2
inner,2
4th,2
bay.,2
FAST,2
torso,2
0.3,2
land,2
shopping,2
(no,2
staircase,2
pta.,2
"zofran,",2
wake,2
WNL.,2
"IV,",2
to.,2
tibia.,2
shower,2
sx,2
"Point,",2
air.,2
eyebrow.,2
surface.,2
activated.,2
abd.,2
teeth,2
s,2
neurologic,2
apartment,2
many,2
buckle,2
late,2
IM,2
incontinence.,2
shallow,2
allowed,2
seats,2
rupture.,2
passengers,2
backward.,2
hemoperitoneum.,2
"nose,",2
8/10,2
oil,2
lung,2
well.,2
"There,",2
chronic,2
1630,2
carpeted,2
movements,2
pinky,2
motorized,2
"mvc,",2
pink,2
hill.,2
"fall,",2
crashed.,2
underneath.,2
nystagmus,2
4mg.,2
why,2
slid,2
helmet),2
"border,",2
Kingman,2
"helmut,",2
agitated.,2
responsive,2
surface,2
45mph,2
"family,",2
mitral,2
bifida,2
glass,2
embankment.,2
"awake,",2
"drawn,",2
battery,2
controlled,2
skateboard.,2
temporarily,2
bunk,2
inferior,2
needed.,2
fixed,2
complex,2
felt,2
periumbilical,2
bases,2
"vision,",2
"forward,",2
"femur,",2
basal,2
immobilization,2
throat,2
trapped,2
"first,",2
blood.,2
"repair,",2
"facility,",2
cut,2
gap,2
parked,2
store,2
AMS.,2
distance,2
controlled.,2
acidosis,2
barrier,2
VP,2
~40mph.,2
80s,2
According,2
PLT,2
somnolent.,2
plain,2
ambulance.,2
(pt,2
"immunizations.
",2
Restrained.,2
downhill,2
"AMS,",2
belly,2
canal,2
1130.,2
flat,2
gauze,2
will,2
V.,2
witnesses,2
dinner,2
MV,2
present,2
groin.,2
rail,2
post,2
HE,2
amnesic,2
snowboarding,2
LOC;,2
"stable,",2
floor;,2
"pedestrian,",2
disease,2
healthy.,2
front.,2
wheel.,2
locked,2
beginning,2
airway,2
T-boned.,2
distress.,2
ill,2
symmetric,2
"cart,",2
cough/runny,2
distance.,2
remove,2
all.,2
Arm,2
occupants,2
70,2
dirtbike,2
nanny.,2
bathroom,2
"awoke,",2
unbuckled,2
set,2
~3,2
previous,2
Obvious,2
likely,2
unremarkable,2
5-6,2
game,2
interacting,2
general,2
staring,2
inch,2
spina,2
Ativan,2
Hgb,2
?LOC.,2
factor,2
Ancef,2
showing,2
20-25,2
deformities.,2
twin,2
yesterday.,2
appears,2
roll-over,2
respond.,2
others,2
C4,2
grabbed,2
Positive,2
victim,2
recently,2
trisomy,2
peds.,2
crosswalk,2
"bleed,",2
But,2
<,2
done.,2
helped,2
Table,2
"window,",2
arterial,2
Front,2
attempting,2
ct,2
GCS15.,2
"bilaterally,",2
PTA,2
rhino,2
"hip,",2
fluid,2
crossed,2
collapsed.,2
arouse,2
give,2
"air,",2
nondepressed,2
"presentation,",2
"lot,",2
much,2
DB.,2
"chest/abd/pelvis,",2
Stable,2
stunned,2
WBC,2
3pm.,2
III,2
Initial,2
versed,2
van.,2
arousable,2
around.,2
3.,2
tires.,2
"15.
",2
"behavior,",2
"seconds,",2
arm's.,2
"outside,",2
1/10,2
compression,2
stimuli.,2
talking.,2
benzos,2
sexually,2
"noted,",2
house.,2
upside,2
incontinent,2
Self-extricated.,2
behavior,2
hole,2
tooth,2
Tboned,2
"house,",2
neighbor,2
reportedly.,2
becoming,2
ready,2
chest/abdomen,2
Passengers,2
game.,2
hurting.,2
bruising.,2
recreational,2
lobe,2
13-14,2
tissue,2
maxilla,2
fib,2
wheels.,2
(WBC,2
Crying,2
backpack,2
decided,2
Denying,2
Took,2
agitation,2
open.,2
"away,",2
"12,",2
upright,2
extrication.,2
loud,2
carrier.,2
make,2
"allergies,",2
disturbances.,2
analgesics,2
bed.,2
Came,2
irritable,2
loosely,2
"bystanders,",2
rock.,2
line,2
biking,2
ecchymosis,2
contact,2
speaking,2
1000,2
stair,2
40+,2
loose.,1
AGE,1
nose),1
effect.,1
"seizure,",1
"one"".",1
nares.,1
spin,1
"trunk,",1
"4mg,",1
immigrant,1
incomprehensible,1
highly,1
paresthesias,1
Ed.,1
Aveo,1
zygomatic,1
trunk.,1
"stones,",1
"Per
EMS,",1
partially,1
blue,1
nauseous,1
speed),1
"feet,",1
beer,1
hobbled,1
foot.,1
goggles,1
Doesn't,1
"spell.
",1
wedging,1
breaths.,1
prolapse,1
ENglish,1
seizures.,1
Aunt,1
detected,1
directions.,1
chin.,1
"another,",1
"presents
for",1
down;,1
recently.,1
"1pm,",1
problems.,1
liquid,1
"no
LOC;",1
conscious,1
retroperitoneal,1
moves,1
glabella,1
Elevated,1
sp,1
"tripped,",1
5mm,1
"sugar,",1
Missing,1
besides,1
144,1
showed.,1
"lethargic,",1
Grandparents,1
feet),1
implants,1
(approximately,1
Ct,1
mandible,1
sequestration,1
"present,",1
maintain,1
"ppx,",1
cardiac,1
Cl,1
"hit,",1
levt,1
EMS?,1
1200.,1
Sketchy,1
Lots,1
(lapbelt,1
GCs,1
PTSD,1
feeling,1
alertness,1
6ft,1
monitoring,1
mva.,1
visit,1
"no
vomiting,",1
infancy.,1
1330,1
usoh.,1
rescored,1
elevation,1
shavings.,1
10yrs,1
MPR.,1
tells,1
hysterically,1
"Unwitnessed,",1
Hypokalemia,1
direct,1
"going
about",1
Children,1
me.,1
"lacerations,",1
"PNA,",1
HTN,1
"ago,",1
break.,1
tracheal,1
"23,",1
nearest,1
Toyota,1
strength,1
drawn.,1
bleed?.,1
"go,",1
movement.,1
displacement,1
lower.,1
quickly.,1
fly,1
"a
restrained",1
"(staring,",1
upstairs,1
winder,1
limited,1
jungle,1
hemolyzed.,1
Pelvis,1
"xrays,",1
Injured,1
Purposeful,1
clavicular,1
thumb.,1
250-300,1
escalator,1
MAE.,1
sister.,1
"per
mom,",1
driveway,1
"MVC.
Earlier",1
"phenergan,",1
face-forward,1
middle.,1
uoP.,1
died.,1
9-10,1
centers.,1
happening.,1
LP,1
Mobitz,1
prompting,1
fireman's,1
"stimuli
and",1
"front,",1
propofol,1
appearing,1
aid,1
hom,1
Joes,1
rocephin.,1
(bike,1
fillers,1
"abd,",1
abd/,1
bulldog.,1
contusions,1
"1630,",1
Shortly,1
mini,1
face/upper,1
passive,1
"sounds,",1
Wounds,1
"hemoperitoneum,",1
headlights,1
"after
ski",1
"""going",1
figure,1
waas,1
count.,1
mile,1
expanding,1
I-8,1
PRESENTS,1
~1400,1
(CT),1
"which
showed",1
LUQ.,1
donuts,1
chip,1
infront,1
"numbess,",1
popliteal,1
"c/o
elbow",1
1945.,1
teacher.,1
School,1
MOther,1
E3,1
butted,1
leukocytosis,1
something.,1
coagulation,1
sped,1
OCP.,1
did.,1
water.,1
Tetralogy,1
backboard/c-collar,1
"knee,",1
"headaches.
",1
abd/Pelvis,1
side-swiped,1
"R,",1
fairly,1
held.,1
(shoulder,1
compromise,1
secured,1
Ironwood,1
t-bones,1
"dirtbike,",1
twisting,1
launcher.,1
tackle.,1
looking,1
Alk,1
(unknown,1
"somnolence,",1
wagon,1
"10mph,",1
salvageable.,1
Fallot,1
AP,1
250cc,1
ceiling,1
"episode,",1
spinning,1
records,1
bladder,1
"flip,",1
facial/oral,1
toe,1
121.,1
0930.,1
"to
get",1
killed,1
CO,1
SpO2,1
1x0.8x1.3cm,1
Mom.,1
"meds/allergies,",1
effusions,1
drag,1
"carotid,",1
vomited.,1
"gait,",1
Work,1
"TV,",1
throughout.,1
"called,",1
"dad,",1
spont,1
camp.,1
bites,1
Sarcoma,1
30min,1
ventricle.,1
(for,1
V3,1
Versed.,1
panties,1
>95%.,1
COmplaining,1
third,1
Sees,1
15-20mph,1
noon.,1
V1,1
localized,1
"hump,",1
seizures,1
self-extricate,1
Splenic,1
vocal,1
vase.,1
opposing,1
worked,1
1500.,1
"100s,.",1
rounding,1
"mechanism,",1
"when
he",1
medicine,1
yet.,1
70's,1
mad.,1
hospitalized,1
eyelid,1
"2
trauma",1
fxs,1
auto-vs-ped.,1
temproal,1
sugars,1
abnormal,1
transported.,1
"bump,",1
Scottsdale,1
historian,1
Indomethacin,1
dog),1
parent's,1
ETOH.,1
service,1
repair,1
scene;,1
Desatted,1
briefly.,1
wash,1
"basketball,",1
"truck.
No",1
definitive,1
fosphenytoin,1
"Cspine,",1
19,1
"as
lethargic",1
details.,1
shoes,1
Pelvic,1
Ambulated,1
Midface,1
lab,1
available;,1
damage.,1
less.,1
looks,1
four,1
pointed,1
lots,1
skin,1
Abdomen/,1
epilepsy,1
speeding,1
10-20,1
"""air",1
12-13.,1
tachypneic,1
padding.,1
1845-1900.,1
accelerated,1
LEs.,1
progressively,1
"urinate,",1
1130,1
Outside,1
12-13,1
car-seat.,1
"13-14,",1
"restrained.
They",1
A/Ox,1
ledge.,1
fevers,1
travelled,1
L.,1
(3,1
talk,1
"MVC.
About",1
container,1
bicarbonate,1
ideation,1
watching,1
tall,1
bullet).,1
"abdomen/pelvis,",1
C5,1
"16,",1
sats.,1
exacerbated,1
"s/p
fall",1
protrusion.,1
1015.,1
manually,1
RA,1
appreciate,1
Time,1
"AXR,",1
thump,1
"compartment,",1
regional,1
hyperplasia,1
boarding,1
+Star,1
lunch,1
13-15,1
thoracic,1
"was
given",1
cleared.,1
US,1
sagittal,1
"trauma
patient",1
bringing,1
root,1
Hemophilia,1
pull,1
Truck,1
extraaxial,1
rescue,1
BF,1
wing,1
currently.,1
Dysart,1
overed,1
polycystic,1
"fingers,",1
"17,",1
physician,1
over;,1
"roof,",1
zone.,1
below--one,1
nausea/vomiting/abdominal,1
Neighbor,1
1830,1
that's,1
Presented,1
Sounded,1
lasting,1
M6).,1
ceftriaxone,1
b/l,1
RZR,1
SBP,1
inflicted,1
overt,1
coding,1
teenage,1
Due,1
bonked,1
angry,1
intoxicated.,1
ol=nly,1
"large
wooden",1
rom,1
incidents,1
neighbors,1
branch,1
"Neck,",1
AOx4,1
part,1
pinpoint.,1
Unwitnessed.,1
adolescents,1
confused;,1
motocross,1
sideways,1
1620,1
chain,1
permit,1
76,1
safe,1
Grand,1
Chevo,1
MIVF.,1
ulna.,1
retrobulbar,1
abdomin,1
"CT
neg,",1
focus,1
run.,1
stars,1
"automobile,",1
wk,1
skull.,1
co.,1
"8am,",1
psychiatric,1
"or
altered",1
"Xray,",1
7-14,1
Tibia.,1
~4,1
reversing,1
participate,1
ileus,1
keeps,1
Normally,1
(unkown,1
wanted,1
supermarket,1
"meningiomas,",1
consisting,1
neighbor.,1
boarded,1
gym;,1
"arrive,",1
pool.,1
"him
here.",1
"combativeness,",1
1900,1
"alert,",1
"Versed,",1
angiogram,1
stafff,1
",achy,",1
"""hit",1
here;,1
lethargic,1
Lactic,1
AC.,1
V/D.,1
hypoxic,1
scoring,1
Grandpa,1
mastoid.,1
"here
after",1
arrived-further,1
intervention.,1
mo,1
refused,1
ml,1
busy,1
ws,1
wt,1
pMHX,1
sitting.,1
"transport
and",1
30-35,1
"ear,",1
tile.,1
therapy,1
bath,1
management.Suspected,1
"epistaxis,",1
sites.,1
epistaxis.,1
"from
standing",1
C-spine.,1
jerk,1
13-15.,1
packages,1
marijuana.,1
wrought,1
0.5,1
Motion,1
buckled,1
losing,1
shoot,1
pinning,1
"obvious
injuries.",1
closed.,1
2/2,1
falls.,1
ankles.,1
crouched,1
trample,1
T11-T12,1
20mcg,1
test,1
hrs,1
eD.,1
accident).,1
drugs.,1
Forehead,1
LOC/vomiting,1
relatives.,1
frontfacing,1
roving,1
"active,",1
43rd,1
zone,1
cousins,1
fluids,1
mask.,1
binder,1
quad.,1
2ft.,1
"street
and",1
BUN,1
"20MPD,",1
tolerated,1
"patient
around",1
already,1
abd/pelv,1
crash),1
"appropriately
but",1
smashed,1
recessed,1
interventions.,1
overhang,1
separated,1
finding,1
seat?,1
LLQ,1
Chinle.,1
70mph,1
Squaw,1
observed,1
resulted,1
"door/window,",1
9.,1
radius/ulna,1
"ground,",1
"TB,",1
"crash,",1
Hip,1
clinical,1
15;,1
"approximately
1800hrs.",1
pads,1
border,1
landscape,1
"high,",1
Dropped,1
attached,1
Evac,1
(driver,1
dashboard.,1
ford,1
observer,1
13-14.,1
"right,",1
Evan,1
camp,1
unrestrainied,1
"controlled,",1
"11.2,",1
22,1
0645,1
testing,1
vehicle).,1
"cousin,",1
"dirt,",1
+Pain,1
removed,1
Nausea/vomiting.,1
3m,1
bak,1
"mom.
",1
"injury
after",1
access,1
"him.""",1
toppled,1
form,1
7ft,1
16->12.,1
sometime,1
"Is
only",1
mug,1
V,1
extricate.,1
factors.,1
brothers,1
"neck
and",1
fragment,1
extravasation,1
player.,1
Although,1
presumed,1
teenager,1
1845.,1
inappropriately,1
cetirizine.,1
anywhere.,1
deployment,1
25mph,1
laceration/open,1
taken.,1
radiologist,1
St.,1
otitis,1
"face),",1
improved.,1
Nuss,1
.Patient,1
MEXICO,1
Xrays,1
calm,1
Head/Neck,1
frank,1
(Na,1
"the
table",1
instructed,1
Webb,1
spoke,1
in).,1
USOH,1
result,1
check,1
10.3/30.5).,1
(unremarkable,1
official,1
leg/ankle.,1
upgraded,1
"playing,",1
AOx2,1
"sx,",1
Propofol.,1
carpet,1
John,1
Flew,1
230pm.,1
reverse.,1
"axilla,",1
15.Pt,1
"painn,",1
arm/wrist,1
clenched,1
persisted,1
tin,1
40-50mph,1
"N/V,",1
"MVA,",1
papers,1
woken,1
dental,1
second-story,1
required.,1
1100.,1
hypotonic.,1
"windshield,",1
"out
of",1
70mph.,1
(1,1
Witness,1
usually,1
suggestive,1
"ago;
patient",1
"here,",1
Reports,1
aunt's,1
crumbled,1
"in
stable",1
"gcs
of",1
restraints.,1
unknow,1
"dazed,",1
ETOH,1
Those,1
actually,1
"hill,",1
case.,1
"Diffuse,",1
subaxial,1
contiued,1
"nature,",1
checked.,1
parietal/occipital,1
uphill,1
Tuscon,1
"ambulation,",1
one-car,1
"IVF,",1
box,1
complications.,1
clipped,1
0800hrs.,1
morphine.,1
CRH,1
"now.
",1
treefort,1
reduced,1
Immobilized,1
yds,1
"c/l
right",1
"high-speed,",1
increasing,1
home's,1
provide,1
strike,1
"patient;
patient",1
XRs,1
damage/intrusion.,1
"but
elevated",1
occiput.,1
repair.,1
pasted,1
abutting,1
regular,1
"PO,",1
railing.,1
shift,1
gram,1
flung,1
stabbed,1
Fountain,1
paralyzed,1
"abdominal,",1
CP,1
washed.,1
elbow/forearm,1
braking.,1
"safely,",1
stray,1
dare.,1
0930,1
rider,1
splinted.,1
"impaired,",1
Del,1
ischemia,1
resuscitation,1
100mcg,1
mouth.,1
club,1
"chin,",1
SI/SA.,1
25mcg,1
commands.,1
versus,1
urine.,1
drunk.,1
lobe.,1
seated,1
isolated,1
restaurant,1
3pm,1
ulna,1
strong,1
three-,1
urinalysis,1
chocolate,1
Dollar,1
"going,",1
Guillan,1
"completed,",1
"25,",1
calmed,1
dark,1
bite.,1
"thrown,",1
42).,1
working,1
"5,",1
whle,1
(patient',1
60mph.,1
Schraff,1
"60mph,",1
Vaccines,1
"he
slipped",1
tightly,1
niece,1
(H/H,1
live,1
miles,1
55,1
History,1
assigned,1
prednisone,1
memory,1
opening.,1
Brian,1
1555,1
rhinitis,1
Abd,1
med,1
(where,1
(helicopter),1
downstairs,1
"before,",1
question,1
essentially,1
torsion,1
throbbing,1
Jeep,1
Brief,1
unhooked,1
girlfriend's,1
c-shaped,1
disease.,1
believe,1
(above,1
"brain,",1
1230.,1
162),1
joints,1
eventually,1
glass.,1
protection,1
thigh/ankle,1
cortical,1
Hb,1
yard.,1
PTX,1
"sign,",1
month.,1
"RLQ,",1
rodeo.,1
ending,1
~11:00.,1
jumping.,1
asphyxiated.,1
muscle,1
huge,1
"7/10,",1
5/10,1
~18,1
respirations.,1
"with
moderate",1
~0350,1
0100.,1
roller,1
hickeys,1
Hemodynamically,1
"neighbor,",1
nonverbal.,1
staples,1
~5,1
irrigated/cleaned.,1
Pains,1
slight,1
106,1
shield.,1
tumor,1
MRI,1
abrasions/bruising,1
NOw,1
assymetric,1
"MVC,
unrestrained",1
tubes,1
avulsions,1
attempts,1
anion,1
buttock/tailbone,1
6-7,1
crushed,1
(unknown),1
debridement,1
HA,1
term,1
survey,1
"constant,",1
rocks,1
everything,1
20:00.,1
"10,",1
left),1
lap/shoulder,1
US.,1
shook,1
MCC.,1
step-dad.,1
"Fentanyl,",1
fall).,1
unresponsiveness.,1
Mo,1
35mph,1
handling,1
(restrained,1
born,1
cuts.,1
rigth,1
deemed,1
"He
had",1
leaned,1
10meq,1
(most,1
sinus.,1
points,1
arrythmia,1
responded,1
RLQ,1
"leg.
",1
"forehead,",1
perseveration.,1
bottom,1
tire.,1
everyone,1
running.,1
week.,1
migraines,1
"running,",1
"Pt
then",1
arrested,1
pet.,1
rearfacing,1
"made
Level",1
hip/leg,1
cord.,1
"101,",1
"degrees,",1
SOB.,1
appear,1
Hx,1
boyfriends,1
argument,1
0945,1
heaviness,1
rear-end,1
Fentanyl.,1
first.,1
Soft,1
function.,1
patella,1
Slide,1
"a
sand",1
insists,1
estimated,1
stabilized,1
phos,1
rods,1
"oSH,",1
rear-seat,1
ATV/dune,1
epigastric,1
learner's,1
"stairs,",1
1-2x.,1
"injury
that",1
Plain,1
"sinus,",1
1/2,1
"hard,",1
secretions,1
1.5mg,1
sort,1
"ball,",1
"turned,",1
camera,1
Driven,1
"unknown,",1
donut,1
"bipolar,",1
Deformity,1
nl.,1
lift,1
c-collar.,1
"was
normal,",1
lamp,1
located,1
toddled,1
THere,1
Activation,1
103.,1
spaced,1
reassuring,1
building.,1
"block,",1
"F,",1
Struck,1
high.,1
"facial
bruising",1
something,1
tag,1
"BMP,",1
words,1
"complaints.
",1
bleachers.,1
(-1,1
(took,1
Negative,1
sat,1
Immediately,1
"given,",1
eating,1
"open,",1
THe,1
burning,1
lev,1
let,1
isamnestic,1
Ostrich,1
"Received
6mg",1
~~35,1
pneumocephaly,1
1400,1
size,1
"large,",1
bony,1
"ft,",1
waiting,1
infancy,1
spine.,1
unsteady,1
apparatus,1
Further,1
front-facing,1
rather,1
redone,1
AM.,1
pictures,1
total.,1
Cr,1
"eval,",1
w,1
"brought.
",1
Treatment,1
wit,1
FB,1
"GERD,",1
maintained,1
findings.,1
"was
alert",1
"sided,",1
threatened,1
up-to-date,1
try,1
involves,1
estimates,1
diapers.,1
1530,1
Motor,1
products,1
peer,1
"arousable,",1
jerking.,1
score,1
Back,1
confirmed,1
flying,1
toddler,1
lobectomy.,1
smaller,1
avulsion,1
left.,1
cerebral,1
tracking.,1
"falling
from",1
hemotympanum.,1
"motorbike,",1
tracking),1
Parietal,1
"light,",1
tricycle,1
"Pt
restrained",1
urinating.,1
inverted,1
valve,1
OCD,1
"Max/Fac,",1
aggravates,1
8.,1
twas,1
"story
window,",1
600.,1
"splinted,",1
pneumothorax.,1
terrier.,1
"Emeiss,",1
UOP.,1
intubated.,1
old.,1
"an
oncoming",1
6000,1
speaking.,1
14-16,1
"pneumothorax,",1
"on
collision",1
sutures.,1
Awoke,1
ataxia.,1
Grade,1
g,1
things.,1
friend/passerby,1
Haldol,1
oto,1
"GCS15.
No",1
Novolog.,1
mediastinum.,1
completely,1
meds/fluids,1
promptly,1
invasion,1
grunting,1
dr,1
Semi,1
1-2mm,1
intruded,1
1650,1
(last,1
symphysis,1
responsiveness.,1
counter,1
"151,",1
Questionabe,1
~40,1
irregularity,1
"slightly,",1
beaten,1
dinner.,1
febrile,1
"sidewalk,",1
gradually,1
Transaminitis,1
"PICU,",1
18:30,1
60lb,1
parasthesia.,1
ext.,1
chasing,1
12-15,1
couple,1
attributed,1
(he,1
feeding),1
meal,1
"deficits,",1
deficits.,1
bone.,1
pothole,1
"13,",1
umbilicus.,1
a/p,1
"of
the",1
"3-4/10,",1
mention,1
jerking,1
material,1
horn.,1
RA.,1
greater,1
"vocabulary,",1
anesthesia,1
ecchymosis.,1
"139,",1
fight.,1
ondansetron,1
estimating,1
LE.,1
"geared,",1
"him
to",1
over-,1
tachycardic,1
operative,1
"severity,",1
30MPH,1
"been
complaining",1
(driver's,1
"abd/pelvis,",1
Mercy,1
found.,1
"of
stool",1
5pm,1
(records),1
pee,1
mostly,1
pel,1
hole.,1
"TBI,",1
shin.,1
there-CBC,1
pronounced,1
Woke,1
mustang,1
mirror,1
+intrusion.,1
"interpreter,",1
schizophrenia,1
palm,1
"ear),",1
metabolic,1
old),1
"in
transport.
",1
prenatal,1
lactate,1
OR,1
table.,1
"and
starred",1
"speeds,",1
"ejection,",1
interaction,1
truck).,1
Vomiting,1
narrowing.,1
tall.,1
"and
released.",1
jack.,1
primary,1
crashing,1
1439,1
Slipped,1
v,1
parylitic,1
deafness,1
behaving,1
asthma.,1
nearby.,1
seeing,1
"ambulating,",1
ketamine,1
Suburban,1
flowsheet,1
fibula,1
involvement.,1
Narcan,1
(question,1
"father,",1
sats,1
"mental
status.",1
morhpine,1
throat.,1
ache.,1
pavers.,1
unto,1
awake.,1
"washout,",1
attempts.,1
"0800,",1
8:30p.,1
abruptly,1
had).,1
carport,1
Laceration,1
breastfeeding,1
bounced,1
immunization,1
entry,1
transferred..,1
english.,1
Trauma.,1
"opening,",1
furniture.,1
diff,1
cleare,1
"for
evaluation.",1
requiring,1
abnormality,1
130AM,1
"2.9),",1
(scant,1
C3-C4,1
dizziness.,1
arena,1
~3.5,1
(E3).,1
incidental,1
follows,1
semi,1
2yrs,1
OM,1
"was
able",1
RUE/RLE,1
experience,1
cabin.,1
elevated.,1
"s/p
automobile",1
Air,1
"a
car",1
"confused,",1
Peoria.,1
cul,1
ganglia,1
contrast.,1
location,1
sedated,1
"107,",1
shouting,1
~25mph,1
belly-flop,1
Gilbert,1
"versed,",1
Parent,1
(sleeping,1
0100,1
Non,1
trampling,1
Dodge,1
Splint,1
hypothyroidism,1
1100,1
compression.,1
resolved,1
Indian,1
Razor,1
reared,1
stroller,1
sick.,1
seeing.,1
MVC/roll,1
back),1
own.,1
fear.,1
An,1
orbit,1
I-10.,1
Chandler),1
airflight.,1
manual,1
block,1
"2nd,",1
Ongoing,1
planning,1
teeth.,1
returning,1
"HERE,",1
"sleeping,",1
administered,1
"CP,",1
"soft,",1
cab,1
9pm.,1
nausea/visual,1
artery,1
result.,1
seek,1
"highway,",1
intraosseus,1
8-10,1
mins,1
evident.,1
wet.,1
edge,1
hotel,1
seem,1
referred,1
Lab,1
"repairs,",1
"adult,",1
"reportedly
riding",1
0/10.,1
process,1
(unclear,1
at16th,1
"AC,",1
requesting,1
presetns,1
PICU,1
filed,1
"friend,",1
extracate.,1
Trisomy,1
t5-t7,1
driver-side,1
face/neck,1
1400.,1
Tracking.,1
protection.,1
Morphine,1
"placed,",1
opens,1
"handlebars,",1
heel,1
carrier,1
anmenstic,1
"driveway,",1
driveway.,1
Hasn't,1
walks,1
Asperger's,1
"row,",1
discolored,1
meaning,1
Pitbull.,1
14yo,1
packaged,1
AC,1
TB,1
b/c,1
"sedated,",1
TM,1
nap,1
beyond,1
hopes,1
(w/o,1
"retrained,",1
confused.,1
"ambulatory.
A",1
anemia.,1
1745.,1
10mph,1
head/face,1
To,1
tited,1
3ft,1
articulating,1
"deformity,",1
train,1
Pickup,1
involve,1
extends,1
"extremities,",1
liters.,1
obtunded,1
fussy.,1
ALS,1
fluctuating,1
mechanic's,1
streets,1
softball.,1
"size,",1
"evaluated,",1
chair.,1
blows,1
boyfriend's,1
capabilities,1
density,1
0730,1
360,1
disturbance,1
forehead/temporal,1
"found
in",1
drugs/alcohol.,1
gluc,1
bushes.,1
protecting,1
500lbs.,1
five,1
"angio,",1
ROM,1
(anion,1
"infections,",1
xferred,1
"remember,",1
Impact,1
everything.,1
"ED
where",1
"and
CT",1
11.,1
belonged,1
11-,1
pried,1
vss,1
3point,1
light.,1
opioid,1
MVC/Trauma,1
sentences.,1
4mm,1
"sentences,",1
(AST,1
highspeed,1
Remainder,1
crawled,1
4-door,1
subsequent,1
1200hrs.,1
seatr,1
distended,1
only),1
brake,1
"ALOC,",1
immigrated,1
overlying,1
gravel/concrete,1
Accu-Chek,1
gets,1
"awakening,",1
obtain,1
11am.,1
strange,1
member,1
appropriate.,1
tumbled,1
mark,1
"up
here.",1
prevent,1
claimed,1
snuck,1
swinging,1
self-extrication.,1
vehicles,1
Bactrim.,1
"unsure
of",1
thus,1
bucked,1
2100.,1
1300.,1
hips.,1
"reduced,",1
11,1
"bottom,",1
inebriated,1
stabilizes,1
taller,1
usual,1
"combative,",1
evac.,1
coherently.,1
english,1
Ancef.,1
T-C,1
unbeknownst,1
disoriented,1
fighting,1
(2-3,1
"35,",1
reassuring.,1
hair,1
trapping,1
"?speed,",1
concussions.,1
sisters,1
Ewings,1
Location,1
men.,1
prescription,1
punched,1
degloving,1
interactive.,1
remarkable,1
ink,1
sz.,1
cousin's,1
lobes,1
Regional.,1
semi.,1
4/10,1
nonbloody.,1
load,1
1500hrs.,1
penetrating,1
substernal,1
"since,",1
(mom),1
(ran,1
eyes.,1
air-bags,1
(12-13,1
light),1
limit,1
converted,1
"protector,",1
ligamentous,1
abrasion.,1
chin/neck/chest,1
shooting,1
Maryland.,1
epistaxis,1
M6.,1
0.7x1.3x0.5cm,1
Spanish,1
"helmets,",1
"yet),",1
mhx,1
dog's,1
jeep.,1
pipe,1
0500.,1
400lbs,1
(Father,1
balance,1
dest,1
shifted,1
stay,1
exacerbation,1
"period,",1
period.,1
"again,",1
varied,1
shots.,1
Banner,1
examination,1
"custody,",1
clipped.,1
"Patient
then",1
HDS,1
bug,1
"afterwards,",1
3500,1
zipline,1
notified.,1
wilderness,1
Scene,1
herself.,1
Perseverating,1
"herself,",1
"emesis,
diarrhea,",1
rodeo,1
Denver,1
collared,1
Rode,1
actual,1
repeating,1
breakfast,1
air/fixed,1
50mph.,1
"scapula,",1
"Triage,",1
osteogenesis,1
"IUGR,",1
Cactus,1
drive.,1
Ankle,1
masked,1
However,1
drip.,1
flailing,1
Two,1
"4.1,",1
believed,1
"56,",1
neutral,1
(ENT),1
(liquids).,1
lipase,1
"flipping,",1
triggered,1
Sibs,1
"rail,",1
fundoplication,1
post-ictal,1
Admits,1
displayed,1
helicopter.,1
bandages,1
crew.,1
"crashed,",1
additional,1
"minute,",1
aunt.,1
minute.,1
aspen,1
"path,",1
Dr.,1
windows.,1
groin,1
Bag,1
comminuted,1
"park,",1
400s,1
tone.,1
fx;,1
laceration/partial,1
deny,1
stiches,1
behavior.,1
"FAST,",1
cracking,1
TTP.,1
"tired,",1
given;.,1
unprovoked.,1
remaining,1
behavior;,1
deploy,1
"Patient
currently",1
"Was
struck",1
contacts.,1
syndrome,1
divert,1
"significant
scalp",1
conversive.,1
"400,",1
septal,1
injured.,1
mechanical,1
ones,1
Ejected,1
joint,1
"the
throttle"".",1
Wheelchair,1
"sz,",1
non-bilious,1
belt),1
"belt,",1
unsuccessful.,1
deduced,1
should,1
rash,1
"waterfall,",1
fevers.,1
repeatedly.,1
arm/shoulder,1
crawling,1
tearful,1
bring,1
serously,1
indoor,1
5-10ft,1
baseball,1
potassium,1
"area,",1
fact,1
dent,1
abd/pelvis,1
12am.,1
"extremities.
Complaining",1
wrapped,1
"CTOH,",1
"ODD,",1
30sec,1
"cars,",1
in;,1
"below,",1
aerate,1
Lincoln,1
boards.,1
1115.,1
patient;,1
blew.,1
ramps,1
purple.,1
behind.,1
attack,1
responsiveness,1
chased,1
festival,1
AST/ALT,1
rear-facing,1
Local,1
"x-ray,",1
reached,1
owner,1
"Level
II",1
"the
corner.",1
congenital,1
scan.,1
buttocks,1
presyncopal,1
viewed,1
clearly,1
"ganglia,",1
need,1
belongs,1
1650.,1
obtaining,1
0620,1
Bystander,1
drifting,1
LOC).,1
Car's,1
1.5,1
steer,1
steep,1
"minutes.
Patient",1
flashes,1
"lap,",1
practice.,1
patients,1
roomed,1
"shoulders
bilaterally",1
4s,1
"cement,",1
bean,1
circumstances.,1
specimen,1
passing,1
addition,1
occured,1
ejecting,1
petechial,1
0845.,1
T/C,1
Later,1
refusing,1
console,1
quieter,1
intraventricular,1
AxO,1
Collision,1
non-bloody,1
"cried,",1
(automobile,1
"purse,",1
requirement.,1
Confused,1
chest/shoulder,1
vein,1
THis,1
Yesterday,1
caliber,1
properly.,1
commands,1
runover,1
mph),1
THE,1
withdraw.,1
"1442,",1
outside.,1
"2100,",1
chips;,1
"obvious
injuries.
",1
recollection,1
maintained.,1
trait,1
30-35mph.,1
Ativan.,1
2000,1
And,1
tibula,1
Oriented.,1
extrmeity,1
"skylight,",1
region,1
never,1
Lo.,1
car/truck.,1
"due
after",1
meningitis,1
dysuria.,1
ABCs,1
poured,1
730,1
"taken,",1
"40pmh,",1
RNs,1
sharing,1
Collided,1
"angry,",1
Dz.,1
Question,1
trampoline.,1
Uncle,1
hardwood,1
"syncope,",1
lasted,1
sho,1
grab,1
accompanying,1
"control,",1
bilat,1
"displaced
distal",1
anything.,1
"base,",1
hyperdense,1
wagon.,1
GT,1
also.,1
eat,1
areas,1
imperfecta,1
deceased,1
sinus,1
officials,1
"available..
",1
front-seat,1
"end,",1
"down,",1
Diagnosed,1
kicking,1
2500,1
60-90,1
injury;,1
sill,1
exam,1
"fx,",1
ends,1
frustrated,1
pistol,1
repetitively,1
PE,1
hammock,1
deficit.,1
towardd,1
40meq,1
Briefly,1
deformity/,1
ast/alt.,1
"eye,",1
concussions,1
luq,1
saturations,1
"skateboarding,",1
"structure,",1
dragged.,1
seatbelted,1
30ft.,1
(per,1
severed,1
911,1
skipping,1
provider,1
"gunshot,",1
deficit,1
exit,1
critical,1
CMP-were,1
10U,1
"edema,",1
septum.,1
cavity,1
unlocked,1
extensively.,1
"scans,",1
stoop,1
"brought
in",1
gross,1
Center.,1
"where
she",1
"airway,",1
starting,1
"responsive,",1
PMhx,1
193),1
"footing,",1
"13/37,",1
helmeted.,1
hyperglycemia,1
operator,1
determine,1
cspine.,1
ladies,1
Quads,1
Pulmonary,1
pneumocephalus,1
stand,1
"the
proximal",1
lb,1
Urine,1
dissection,1
invoved,1
swinging.,1
angulated,1
chronic.,1
nafcillin,1
loculated,1
"reports,",1
41%.,1
"apartment,",1
broken,1
pending.,1
"impact,",1
stuck.,1
restrained/belted,1
vomiting/diarrhea,1
radiographically,1
easily,1
"immobolizer,",1
"tib/fib,",1
(12-14,1
blowout,1
"asleep,",1
activation.,1
touch,1
"tonight,",1
20:20,1
stool.,1
sides;,1
screen.,1
mask,1
"NP,",1
edema,1
visitation,1
dressings,1
charged,1
persistently,1
TC,1
"baseline,",1
relief,1
20-25mph,1
"sleepy,",1
Is,1
palsy,1
self--looking,1
strength.,1
needs,1
insufficiency,1
worn.,1
woman.,1
butt,1
obtainde,1
papoose,1
go-cart.,1
"questioning,",1
Show,1
"Mexico,",1
Raised,1
Numbness/tingling/loss,1
"bruising,",1
"times,",1
constant,1
(4,1
Documents,1
process.,1
"dragged,",1
"horse
bucked",1
ROM.,1
scheduled,1
0300,1
Olive,1
comfort.,1
intervention,1
(15,1
ravine.,1
mass,1
head/c-spine.,1
"camping,",1
pointing,1
camping.,1
Van,1
9/10,1
showing.,1
(-),1
65mph.,1
oral,1
"zipline,",1
"immunizations,",1
curve,1
pta,1
11/6,1
(-).,1
1300hrs.,1
hospital.dad,1
Mexico),1
"walk,",1
xanax,1
Tree,1
tailbone,1
briefly,1
everywhere.,1
stopped.,1
swerving,1
"65mph,",1
NF,1
amnesia.,1
deceased.,1
Tolerating,1
detention,1
"LFTs,",1
LFTs.,1
"pt,",1
mm,1
"21,",1
"ancef,",1
crest,1
repetitive.,1
tail,1
removal,1
disc,1
1430,1
xport.,1
lining,1
included:,1
"himself,",1
(all,1
"1730,",1
"head/c-spine,",1
follow,1
"7.1,",1
stimulation,1
recorded,1
Lap,1
Joseph's,1
frontal/parietal,1
vaccinations.,1
wasn't,1
criying,1
belt-no,1
crying;,1
Heavy,1
"rollovers,",1
0300.,1
"hit
his",1
stand.,1
"person,",1
plastic,1
buggy,1
"Pain,",1
bilious/non,1
chemotherapy,1
complete,1
"UE,",1
allergic,1
NV,1
hysterical,1
"stroller,",1
Self-extricated,1
stroller.,1
Airway,1
wrecked,1
Weed,1
bearing,1
steer.,1
"Airbag,",1
brother's,1
acuity,1
withotu,1
Avalon,1
enzymes.,1
airway.,1
rollovers.,1
cp.,1
"cp,",1
aware,1
abnormalities.,1
injuires,1
extracated,1
words.,1
"a
pitbull",1
retrained,1
(impact,1
600,1
13:50,1
(forehead,1
leg/hip,1
walking;,1
mopping,1
netting,1
Occasional,1
course,1
firm,1
"bathroom,",1
"limited,",1
"congestion,",1
30-45,1
pants,1
radiation.,1
fussiness,1
centers,1
4AM,1
shop,1
not.,1
better,1
steering,1
banister.,1
3-point,1
BP.,1
Barre,1
midline.,1
puppy,1
somewhat,1
chain-linked,1
according,1
Single,1
Dad.,1
1200-1300.,1
1620.,1
inserted,1
antrum,1
location.,1
therapist,1
"units
last",1
"Now
complaining",1
pan-scanned,1
limp,1
tib/fib.,1
"friends,",1
BNo,1
ramus,1
GLF.,1
spell,1
"WBC,",1
visit.,1
worse,1
"extracted,",1
sedan),1
Probable,1
parent,1
worse.,1
"usual,",1
"seen,",1
albuterol.,1
invloved,1
11.4.,1
"epidural
hematoma",1
pectus,1
~10,1
platelets.,1
flooring,1
aggressive,1
Pupils,1
knew,1
track,1
checked,1
padding,1
transverse,1
C/A/P.,1
booster?).,1
curb.,1
"bars,",1
white,1
Allergy,1
mall,1
hammock;,1
"them,",1
"20mph,",1
discharged,1
through.,1
1L,1
hyperventilation,1
Probably,1
accu,1
Extricated,1
mountainside,1
opposite,1
sent.,1
(house,1
blind,1
Chest,1
factor.,1
collared.,1
PMH.,1
x4,1
17,1
longer,1
wanting,1
take,1
represented,1
equipment,1
(E3V5M6).,1
51st.,1
mother;,1
"illness,",1
inserted.,1
"1720,",1
abnormality.,1
"vitals
stable",1
straddled,1
"but
during",1
"then.
C-collar",1
Can,1
sac,1
"V,",1
"survey,",1
ones.,1
results,1
restrained;,1
"ondansetron,",1
"31K,",1
35wk,1
arriva.,1
malleolus.,1
external,1
automobile.,1
"80,",1
lives,1
clearly.,1
adults),1
"backboard/Ccollar,",1
CO2,1
myself,1
those,1
olecranon,1
"afterward,",1
"immediate,
brief",1
deply.,1
cast,1
birthday).,1
coughing,1
"drove
straight",1
c/a/p,1
intact.,1
"self,",1
cords,1
personal,1
"helmet.,",1
pry,1
roll/over.,1
Maxillofacial,1
ordered.,1
slippery,1
lethargy,1
picture,1
IN,1
muffled,1
lucid,1
barbed,1
(frontal,1
dizzy,1
apneic,1
Blood,1
time),1
comfortable.,1
media,1
11-15.,1
hip/side.,1
deformities,1
30-50,1
spooked,1
hyperextending,1
inflatable,1
soil,1
"mom's
house",1
(apparent,1
passenger-side,1
"after
fall.",1
RUQ,1
"his
friends.",1
"care,",1
Degree,1
bright,1
~50,1
voluntary,1
uninjured,1
wing.,1
surgeries.,1
4-foot-high,1
Vomiting.,1
dining,1
members,1
thigh/hip,1
15mph,1
(both,1
bicyclist,1
riders,1
studies.,1
65,1
"L1,",1
"brace,",1
"x2,",1
"lacerations.
Acting",1
dec.,1
"sister,",1
actively,1
far,1
age.,1
Stool,1
spontaneously.,1
Humerus,1
boning,1
atrophic,1
button,1
"separated,
mom",1
seat).,1
6.,1
1430.,1
IV.,1
color,1
wing),1
comes,1
settled,1
ane,1
makes,1
AVM,1
way.,1
~10mph,1
machete.,1
intrapelvic,1
(sedan),1
helmet;,1
17yo,1
malformation.,1
aches,1
complication,1
T12.,1
"arouse,",1
"30mph,",1
100.3F,1
"car,
but",1
20:00,1
"confusion,",1
foot/heel,1
spleen,1
grazed,1
"patio,",1
suicidal,1
with.,1
wraps,1
find,1
ONly,1
vagina,1
cuts,1
seated.,1
75mph.,1
advised,1
cough.,1
stabbing.,1
"originally,",1
epiastric,1
ataxic,1
"104,",1
"access,",1
velocity,1
3cm,1
10am,1
prematurity,1
asked,1
hear,1
localize,1
1830hrs.,1
dump,1
Lacerations,1
Graves,1
(~250lb),1
postal,1
Narcan.,1
14.1.,1
dizziness,1
Female,1
gloves,1
(via,1
cry,1
airbags.,1
non-stick,1
shoulder/side,1
sutured,1
flooring.,1
breast,1
visiting,1
feels,1
"speed),",1
spineboard.,1
occuring,1
hemiabdomen.,1
nares,1
hungry,1
scooted,1
initally,1
examined,1
mobile,1
unsupervised,1
65-70MPH,1
"aspiration,",1
treated,1
"x5,",1
supposed,1
"rolled,",1
recording,1
clarification.,1
can't,1
head;,1
waist.,1
clay,1
grocery,1
consult,1
lpm,1
"immediately,",1
tbone,1
"somnolent,",1
self-extrication,1
blacked,1
adjacent,1
(his,1
right.,1
"paresthesias,",1
"18,",1
paresthesias.,1
struck/bumped,1
suspicious,1
recalling,1
"when
standing",1
Current,1
hiking.,1
RBC,1
"UC,",1
1830.,1
2030,1
75,1
Silverado,1
~1,1
confirm.,1
"him
underneath",1
experienced,1
(E4,1
deviation.,1
vomitted,1
stenosis,1
Uneventful,1
Ccollar,1
discomfort.,1
mountain,1
"restraint,",1
BACKSEAT,1
racial,1
lucency,1
sentences,1
assault,1
"racing,",1
throwing,1
lacerating,1
wire.,1
breath.,1
where.,1
Workup,1
albuterol,1
2102,1
occupant,1
pressed,1
medically,1
sustained.,1
Accucheck,1
tolerate,1
mumbling,1
bruise.,1
staff,1
NAD.,1
uncertain,1
duration;,1
"Crash,",1
snack,1
"ok.
",1
headache;,1
awning.,1
"spilled;
floor",1
else,1
nothing,1
Reacted,1
wheelchair.,1
rapidly,1
scorpioned,1
benign,1
2's.,1
structure.,1
breastfed,1
temporary,1
normal;,1
"how,",1
spiral,1
subcutaneous,1
push,1
bystanders.,1
bystanders),1
14-15.,1
"14-15,",1
15mph.,1
Alert,1
"274,",1
grandparents.,1
belong,1
filled,1
"12.7/38,",1
2015.,1
eczema,1
lodged,1
impacted,1
awakening,1
"LOC,
c/o",1
ED).,1
"bike
accident",1
"SNAT,",1
kid's,1
attention,1
tingling/numbness.,1
"facing,",1
creating,1
EMS;,1
changing,1
1250.,1
transfered,1
40-45mph.,1
vascular,1
ems.,1
15-25mph.,1
kitchen.,1
eyebrows.,1
"kitchen,",1
appendectomy.,1
visualize,1
"L
shoulder/elbow",1
barn,1
"possible
epidural",1
response.,1
sea,1
angio,1
symptoms.,1
~15,1
(thick,1
"unconscious,",1
nausea/vomiting.,1
EMS),1
uncontrolled,1
contracoup,1
"Today,",1
un-helmeted.,1
Tylenol,1
pa,1
Most,1
"RLE,",1
"sob,",1
cage.,1
unavailable.,1
overnight.,1
unsuccessful,1
"centimeter
lacerations",1
ALOC,1
headed,1
"
he",1
dysphagia,1
f/ib,1
direction,1
"however,",1
"had
a",1
balcony.,1
"decelerated,",1
(Mom,1
launched,1
heads,1
razor,1
"DD,",1
x4.,1
17:00,1
particular,1
Go-cart,1
uncertain.,1
St,1
family's,1
"sinusitis,",1
"2000,",1
feeding.,1
up).,1
"=15,",1
tips.,1
Peak,1
Afterwards,1
"clear,",1
"tones,",1
2-car,1
LFT,1
"PT/PTT,",1
"0.8,",1
boluses,1
"protection,",1
"No
complaints",1
11th,1
consulted,1
lumbar,1
restraint.,1
pregnancy.,1
wnl.,1
tong,1
stayed,1
Abdomen,1
PGM,1
sec),1
3oz),1
"Reportedly,",1
pinpoint,1
events;,1
"moaning,",1
swung,1
similar,1
exclude,1
Menses,1
"overcorrected,",1
"bandaged,",1
CHI.,1
nauseas.,1
enroute,1
indicated,1
pony,1
dash,1
turn.,1
obained,1
"20ft,",1
Comfortable,1
deceased).,1
(~30,1
distension.,1
discovered,1
"currently),",1
"hemorrage,",1
9am.,1
travelling.,1
cc,1
call.,1
Gave,1
flipped.,1
stinging,1
pass,1
countertop.,1
temple.,1
flipped;,1
"hit
patient",1
drink,1
"store,",1
"was
transferred",1
yellow,1
heels.,1
suicide,1
dislocation.,1
~45mph.,1
skateboarding.,1
abt,1
angulation.,1
40+.,1
enroute.,1
12.5mcg,1
Vaccinations,1
nurse,1
elsewhere.,1
fentanyl.,1
fossa.,1
coags,1
bicycle).,1
"crosswalk,",1
exited,1
numbness/tingling/weakness.,1
"elbow,",1
include.,1
14:30,1
Unkown,1
amounts),1
"~45pmh,",1
5pt,1
9-10.,1
Neurosurgery,1
mult,1
"Hospital,",1
outstretched.,1
park.,1
"the
car",1
"handed,",1
2100,1
loose,1
vaccines,1
11-14.,1
occasionally,1
GCS.,1
tilted,1
"cleared,",1
debris,1
pigeon,1
member;,1
exacerbating/relieving,1
75cc/hr,1
humeral,1
bull.,1
carseat.,1
"stapled,",1
"352),",1
weight,1
weighs,1
anti-TB,1
locule,1
"twice,",1
tactile,1
"tingling.
She",1
vaccination,1
strangling,1
blender.,1
deficiency,1
Ram,1
Ran,1
adrenal,1
"syndrome,",1
hill,1
boards,1
dunk,1
"inside,",1
pinned.,1
thereafter,1
"about
pelvis.",1
collision).,1
feed,1
Smells,1
(head,1
ft),1
"knows
what",1
SHe,1
"cleaning,",1
Past,1
department,1
hotel.,1
~10mph.,1
smoking,1
Male,1
toOSH,1
grandmother),1
grandmother.,1
dune,1
4yo,1
cellulitis,1
lane.,1
pneumothorax,1
campers.,1
intranasal,1
goat,1
dorsal,1
"driving,",1
1300,1
@~2300.,1
Yukon,1
1950,1
calm.,1
Heel,1
babysitter's,1
0630.,1
hematomas.,1
de,1
THey,1
short,1
softball,1
deficits,1
response,1
joint.,1
duration,1
resection,1
T-bone,1
"nonradiating,",1
"arrival.
Injuries",1
"pain.
",1
flowsheet.,1
Hills.,1
0900.,1
paraspinal,1
soon,1
"enough,",1
(going,1
compound,1
<5mph.,1
ordered,1
witnesses.,1
leg/thigh.,1
it),1
"3,",1
return,1
"because
we",1
1900hrs.,1
shaving,1
fatality.,1
might,1
soccer,1
Witnesses,1
nephew.,1
dash.,1
28,1
hemoperitoneum,1
vomiting;,1
21,1
Full,1
24,1
labs/x-rays,1
avenue,1
Injury.,1
